src_ip,pkt_cnt,syn_cnt,ack_cnt,mean_len,syn_ratio,duration,syn_rate,prediction,label
167772162,1429,209,1220,83.91602519244226,0.1462561231630511,22.060873077941896,9.473786430010957,0,normal
176160770,1002,0,1002,795.2425149700599,0.0,22.039680050445558,0.0,1,flooder
